{"cameraMode":{"drawMode":0,"name":"Shaded","section":"Shading Mode"},"sceneLighting":false,"audioPlay":false,"sceneViewState":{"m_AlwaysRefresh":false,"showFog":true,"showSkybox":false,"showFlares":true,"showImageEffects":true,"showParticleSystems":true,"showVisualEffectGraphs":true,"m_FxEnabled":true},"in2DMode":false,"pivot":{"x":-0.669499397277832,"y":11.525018692016602,"z":0.3255615234375},"rotation":{"x":-0.027299487963318826,"y":0.023401962593197824,"z":-0.0006396954413503408,"w":-0.9993664622306824},"size":144.59498596191407,"orthographic":false}